{
  "timestamp": "2026-01-29 21:37:14",
  "phase": "3b_realtime_mic",
  "architecture": "Mic \u2192 ASR \u2192 MT \u2192 QE \u2192 TTS",
  "target_language": "es",
  "num_recordings": 2,
  "total_session_time_sec": 50.210829734802246,
  "model_loads_sec": {
    "asr": 2.4694387912750244,
    "mt": 14.327473402023315,
    "qe": 15.955718517303467,
    "total": 32.75263071060181
  },
  "recordings": [
    {
      "recording_id": 1,
      "audio_duration_sec": 13.12,
      "num_sentences": 1,
      "pipeline_time_ms": 16348.151922225952,
      "results": [
        {
          "sentence_id": 1,
          "source": "This should run for 10 seconds pick up audio to a decent extent",
          "target": "Esto debe funcionar durante 10 segundos recoger audio en una medida decente",
          "mt_time_ms": 8769.737720489502,
          "qe_score": 0.8453680256766025,
          "qe_time_ms": 1785.1433753967285,
          "tts_time_ms": 5720.991134643555,
          "audio_played": true
        }
      ]
    }
  ]
}