{
  "timestamp": "2026-02-08 20:34:46",
  "phase": "3b_realtime_mic",
  "architecture": "Mic \u2192 ASR \u2192 MT \u2192 QE \u2192 TTS",
  "target_language": "es",
  "num_recordings": 2,
  "total_session_time_sec": 38.12025856971741,
  "model_loads_sec": {
    "asr": 2.9253990650177,
    "mt": 14.322628498077393,
    "qe": 15.920690298080444,
    "total": 33.16871786117554
  },
  "recordings": [
    {
      "recording_id": 1,
      "audio_duration_sec": 5.632,
      "num_sentences": 1,
      "pipeline_time_ms": 9364.68529701233,
      "results": [
        {
          "sentence_id": 1,
          "source": "Welcome and I hope this one actually",
          "target": "Bienvenido y espero que \u00e9ste en realidad",
          "mt_time_ms": 4919.718027114868,
          "qe_score": 0.9999999999540514,
          "qe_time_ms": 1326.9028663635254,
          "tts_time_ms": 3084.1586589813232,
          "audio_played": true
        }
      ]
    }
  ]
}