{
  "timestamp": "2026-01-27 14:44:37",
  "phase": "3b_realtime_mic",
  "architecture": "Mic \u2192 ASR \u2192 MT \u2192 QE \u2192 TTS",
  "target_language": "es",
  "num_recordings": 2,
  "total_session_time_sec": 112.77079391479492,
  "model_loads_sec": {
    "asr": 3.1940605640411377,
    "mt": 14.368008852005005,
    "qe": 16.07181429862976,
    "total": 33.6338837146759
  },
  "recordings": [
    {
      "recording_id": 1,
      "audio_duration_sec": 2.048,
      "num_sentences": 1,
      "pipeline_time_ms": 8577.680587768555,
      "results": [
        {
          "sentence_id": 1,
          "source": "And you need to follow me",
          "target": "Y tienes que seguirme.",
          "mt_time_ms": 5174.026727676392,
          "qe_score": 0.7394844724951127,
          "qe_time_ms": 1313.115119934082,
          "tts_time_ms": 2075.1943588256836,
          "audio_played": true
        }
      ]
    }
  ]
}