{
  "timestamp": "2026-02-08 21:05:44",
  "phase": "3b_realtime_mic",
  "architecture": "Mic \u2192 ASR \u2192 MT \u2192 QE \u2192 TTS",
  "target_language": "es",
  "num_recordings": 2,
  "total_session_time_sec": 42.68951058387756,
  "model_loads_sec": {
    "asr": 2.91489839553833,
    "mt": 14.152660131454468,
    "qe": 16.299278736114502,
    "total": 33.3668372631073
  },
  "recordings": [
    {
      "recording_id": 1,
      "audio_duration_sec": 5.696,
      "num_sentences": 1,
      "pipeline_time_ms": 13541.719675064087,
      "results": [
        {
          "sentence_id": 1,
          "source": "Well, hello them, motherfuckers, let's hope.",
          "target": "Bueno, hola, hijos de puta, esperemos.",
          "mt_time_ms": 8368.558168411255,
          "qe_score": 0.9999999999727847,
          "qe_time_ms": 1879.065990447998,
          "tts_time_ms": 3278.2328128814697,
          "audio_played": true
        }
      ]
    }
  ]
}