{
  "timestamp": "2026-01-29 21:39:34",
  "phase": "3b_realtime_mic",
  "architecture": "Mic \u2192 ASR \u2192 MT \u2192 QE \u2192 TTS",
  "target_language": "es",
  "num_recordings": 2,
  "total_session_time_sec": 59.57542443275452,
  "model_loads_sec": {
    "asr": 3.007767915725708,
    "mt": 14.339229583740234,
    "qe": 15.797703981399536,
    "total": 33.14470148086548
  },
  "recordings": [
    {
      "recording_id": 1,
      "audio_duration_sec": 13.76,
      "num_sentences": 2,
      "pipeline_time_ms": 23476.080179214478,
      "results": [
        {
          "sentence_id": 1,
          "source": "You know, is this working as well",
          "target": "Sabes, esto tambi\u00e9n funciona.",
          "mt_time_ms": 5414.2961502075195,
          "qe_score": 0.7388288683158353,
          "qe_time_ms": 1323.5244750976562,
          "tts_time_ms": 2929.0213584899902,
          "audio_played": true
        },
        {
          "sentence_id": 2,
          "source": "If it does, it's Guardian's Anatomy",
          "target": "Si lo hace, es la anatom\u00eda del Guardi\u00e1n.",
          "mt_time_ms": 9089.383840560913,
          "qe_score": 0.7249474226135799,
          "qe_time_ms": 1500.2310276031494,
          "tts_time_ms": 3147.235631942749,
          "audio_played": true
        }
      ]
    }
  ]
}