{
  "timestamp": "2026-02-01 17:05:23",
  "phase": "3b_realtime_mic",
  "architecture": "Mic \u2192 ASR \u2192 MT \u2192 QE \u2192 TTS",
  "target_language": "es",
  "num_recordings": 2,
  "total_session_time_sec": 37.56913709640503,
  "model_loads_sec": {
    "asr": 2.969590425491333,
    "mt": 14.039969682693481,
    "qe": 15.728968620300293,
    "total": 32.73852872848511
  },
  "recordings": [
    {
      "recording_id": 1,
      "audio_duration_sec": 2.624,
      "num_sentences": 1,
      "pipeline_time_ms": 9293.906688690186,
      "results": [
        {
          "sentence_id": 1,
          "source": "Hello, hello, this is the test",
          "target": "Hola, hola, esta es la prueba",
          "mt_time_ms": 5221.973180770874,
          "qe_score": 0.805342222059181,
          "qe_time_ms": 1521.0797786712646,
          "tts_time_ms": 2550.0926971435547,
          "audio_played": true
        }
      ]
    }
  ]
}